"!symbol / month","!symbol / Monat"
"* Required Fields","* Erforderliche Felder"
"-- No Status Change --","-- Keine Statusänderung --"
"3D Secure","3D Secure"
"3D Secure Authentication","3D Secure Authentifikation"
"3D Secure failed","3D Secure ist fehlgeschlagen."
"3D Secure sucess","3D Secure erfolgreich"
"3D secure authorization attempted","3D Secure Autorisierungsversuch"
"3d Secure Active","3D Secure aktiv"
"3d Secure Result","3d Secure Resultat"
"3d Secure Verification failed","3D Secure ist fehlgeschlagen."
"<br />If your purchase with Klarna is higher than !symbol 199.99, you will receive a consumer credit agreement from Klarna with the request for signing. Until then your purchase is considered as invoice purchase.","<br />Übersteigt Ihr Einkauf mit Klarna Ratenkauf erstmals einen Betrag von 199,99 !symbol erhalten Sie von Klarna einen Ratenkaufver trag mit der Bitte um Unterzeichnung zugesandt. Ihr Kauf gilt solange als Rechnungskauf."
"A authorized transaction cannot be authorized again.","Eine autorisierte Transaktion kann nicht noch einmal autorisiert werden."
"A authorized transaction cannot be marked as failed.","Eine autorisierte Transaktion kann nicht als fehlgeschlagen markiert werden."
"A cancelled transaction cannot be authorized.","Eine stornierte Transaktion kann nicht autorisiert werden."
"A cancelled transaction cannot be cancelled again.","Eine stornierte Transaktion kann nicht noch einmal storniert werden."
"A cancelled transaction cannot be captured.","Eine stornierte Transaktion kann nicht verbucht werden."
"A cancelled transaction cannot be marked as failed.","Eine stornierte Transaktion kann nicht als fehlgeschlagen markiert werden."
"A cancelled transaction cannot be refunded.","Eine stornierte Transaktion kann nicht gutgeschrieben werden."
"A captured transaction cannot be authorized.","Eine gebuchte Transaktion kann nicht autorisiert werden."
"A captured transaction cannot be cancelled.","Eine gebuchte Transaktion kann nicht storniert werden."
"A captured transaction cannot be marked as failed.","Eine verbuchte Transaktion kann nicht als fehlgeschlagen markiert werden."
"A failed authorization cannot be authorized.","Eine fehlgeschlagene Transaktion kann nicht autorisiert werden."
"A payment method may not available for customers from different counties. You can decide when this availability check should happen. We recommend to set it during authorization","Manche Zahlungsmethoden sind für gewisse Länder nicht erlaubt. Hier können Sie definieren zu welchem Zeitpunkt der Verfügbarkeits-Check durchgeführt werden soll. Wir empfehlen 'Während der Autorisierung'."
"A refund was added over !amount.","Eine Gutschrift über '!amount' wurde hinzugefügt."
"A transaction may be uncertain, when the payment is not guaranteed. For example in case the credit card does not participate in the 3D procedure.","Eine Transaktion kann unsicher sein wenn die Bezahlung nicht garantiert ist. Zum Beispiel wenn die Kreditkarte nicht Teil des 3D Secure Prozesses ist."
"About","Über"
"Access Control Server not responding","Zutrittskontroll Server antwortet nicht"
"Account Holder Name","Kontoinhaber"
"Account Number","Kontonummer"
"Account owner name.","Kontoinhaber"
"Action","Aktion"
"Actions","Aktionen"
"Activate","Aktiv"
"Activated","Aktiviert"
"Active","Aktiv"
"Additional Information","Zusätzliche Informationen"
"Adjust Qty","Anzahl anpassen"
"Adjustment Discount","Korrektur-Ermässigung"
"Adjustment Fee","Bearbeitungsgebühr"
"After payment selection","Nach der Wahl der Zahlungsmethode"
"Age verification","Altersüberprüfung"
"Ajax authorization not supported.","Ajax-Autorisierung wird nicht unterstützt."
"Alias","Alias"
"Alias For Display","Beispiel-Alias"
"Alias Manager","Alias Manager"
"Alias manager","Alias Manager"
"All Customers","Alle Kunden"
"Allowed Currencies","Erlaubte Währungen"
"Allowed currencies for this payment method","Erlaubte Währungen für diese Zahlungsmethode"
"Already registered?","Bereits registriert?"
"Always Checkout as Guest","Immer als Gast auschecken"
"American Express","American Express"
"Amount","Betrag"
"Amount Incl. Tax","Betrag inkl. Steuern"
"An unexpected error occurred.","Ein unbekannter Fehler ist aufgetreten."
"Approval Code","Genehmigungscode"
"Approval Code missing","Der Bestätigungscode fehlt."
"Are you sure you want to cancel this order?","Sind Sie sicher, dass Sie diese Bestellung stornieren möchten?"
"Authentication Server Error","Autentifizierung Server Error"
"Authentication of Bank Account","Autentifizierung des Bankkontos"
"Authentication of Person","Autentifizierung der Person"
"Author","Autor"
"Authorization Amount","Autorisierungsbetrag"
"Authorization Attempted","Autorisierungsversuch"
"Authorization Failed","Autorisierung fehlgeschlagen"
"Authorization Method","Autorisierungsmethode"
"Authorization is uncertain.","Autorisierung ist unsicher"
"Authorized Status","Autorisationsstatus"
"Available credits from !symbol 199.99 (depending on the amount of your purchases), effective annual interest rate 18.07% * and total amount 218,57 !symbol * (* in case of full utilization of the credit and repayment in 12 monthly installments of !symbol 18.21 each). Here you will find <a href='!more' target='_blank'>further information</a>, <a href='!tac' target='_blank'>terms and conditions with revocation instructions</a> and <a href='!info' target='_blank'>standard information for consumer credit</a>.","Verfügungsrahmen ab 199,99 !symbol (abhängig von der Höhe Ihrer Einkäufe), effektiver Jahreszins 18,07%* und Gesamtbetrag 218,57 !symbol* (*bei Ausnutzung des vollen Verfügungsrahmens und Rückzahlung in 12 monatlichen Raten je 18,21 !symbol). Hier finden Sie <a href='!more' target='_blank'>weitere Informationen</a>, <a href='!tac' target='_blank'>AGB mit Widerrufsbelehrung</a> und <a href='!info' target='_blank'>Standardinformationen für Verbraucherkredite</a>."
"Available credits from !symbol 199.99 (depending on the amount of your purchases), effective annual interest rate 18.07% * and total amount 218,57 !symbol * (* in case of full utilization of the credit and repayment in 12 monthly installments of !symbol 18.21 each). Here you will find <a href='!more' target='_blank'>further information</a>, <a href='!tac' target='_blank'>terms and conditions with revocation instructions</a> and <a href='!info' target='_blank'>standard information for consumer credit</a>. <br /> If your purchase with Klarna is higher than !symbol 199.99, you will receive a consumer credit agreement from Klarna with the request for signing. Until then your purchase is considered as invoice purchase.","Verfügungsrahmen ab 199,99 !symbol (abhängig von der Höhe Ihrer Einkäufe), effektiver Jahreszins 18,07%* und Gesamtbetrag 218,57 !symbol* (*bei Ausnutzung des vollen Verfügungsrahmens und Rückzahlung in 12 monatlichen Raten je 18,21 !symbol). Hier finden Sie <a href='!more' target='_blank'>weitere Informationen</a>, <a href='!tac' target='_blank'>AGB mit Widerrufsbelehrung</a> und <a href='!info' target='_blank'>Standardinformationen für Verbraucherkredite</a>.<br />
Übersteigt Ihr Einkauf mit Klarna Ratenkauf erstmals einen Betrag von 199,99 !symbol erhalten Sie von Klarna einen Ratenkaufvertrag mit der Bitte um Unterzeichnung zugesandt. Ihr Kauf gilt solange als Rechnungskauf."
"Await Notification","Benachrichtigung abwarten"
"Awaiting confirmation","Warten auf die Bestätigung"
"BIC","BIC"
"Bad signature format.","Das Format der Signatur ist fehlerhaft"
"Bank Code","Bankcodenummer"
"Bank Location","Bank Standort"
"Bank Name","Name der Bank"
"Bank account number","Bankkonto"
"Bank code number","Bankcodenummer"
"Before payment selection","Vor der Wahl der Zahlungsmethode"
"Billing Address","Rechnungsadresse"
"Billing Information","Rechnungsinformationen"
"Billing address","Billing address"
"Birthplace","Geburtsort"
"Brand Name","Markenname"
"By setting the capturing the reservation can be captured directly after the order or later manually over the backend of the store.","Mit den Einstellungen zur Verbuchung kann eine Reservierung entweder direkt nach der Bestellung oder nachträglich im Backend des Shops verbucht werden."
"CVC Code","CVC Code"
"Can not retrieve installment rates.","Der Ratenplan konnte nicht geladen werden."
"Cancel","Stornieren"
"Cancel ID","Stornierungs ID"
"Cancel pending orders when out of stock","Ausstehende Bestellungen stornieren, wenn der Artikel nicht mehr an Lager ist."
"Cancel status","Stornierungsstatus"
"Canceled FirstDataConnectCw","Abbrechen FirstDataConnectCw"
"Canceling of this payment not possible!","Stornieren dieser Zahlung ist nicht möglich!"
"Cancelled Status","Status für abgebrochene Bestellungen"
"Cannot update item quantity.","Die Artikelanzahl kann nicht aktualisiert werden."
"Capture Amount","Buchungsbetrag"
"Capture ID","Buchungs ID"
"Capture amount","Verbuchungsbetrag"
"Capture information","Buchungs Informationen"
"Capture status","Verbuchungsstatus"
"Capture: Don't Close","Verbuchung: Nicht schliessen"
"Captured Amount","Verbuchter Betrag"
"Captured Status","Verbuchungsstatus"
"Captures","Verbuchungen"
"Captures & Refunds","Verbuchungen & Gutschriften"
"Capturing","Verbuchung"
"Card Expiration","Kartenablaufdatum"
"Card Expiry Date","Ablaufdatum der Karte"
"Card Holder Name","Karteninhaber"
"Card Number","Kartennummer"
"Cardholder not enrolled","Karteninhaber nimmt am Verfahren nicht teil"
"Carrier Title","Carrier Title"
"Check out faster","Schnelleres Bestellen"
"Check to activate the external checkout.","Markieren Sie dieses Feld um den externen Checkout zu aktivieren."
"Checkout","Checkout"
"Checkout as Guest","Als Gast zur Kasse gehen"
"Checkout as a Guest or Register","Als Gast zur Kasse gehen oder ein Kundenkonto erstellen"
"Checkout as a new customer","Als Neukunde bestellen"
"Checkout failed with unknown reason","Der Bestellabschluss ist aufgrund eines unbekannten Grunds fehlgeschlagen."
"Checkout using your account","Über Ihr Benutzerkonto bestellen"
"Checkout with MasterPass.","Bezahlen mit MasterPass."
"Choose settlement after order in case you want an invoice to be created with your oder. The state of the invoice will set according to your capture status","Choose settlement after order in case you want an invoice to be created with your oder. The state of the invoice will set according to your capture status"
"Choose settlement after order in case you want an invoice to be created with your oder. The state of the invoice will set according to your capture status. For captured payments, an invoice is always created.","Wählen Sie 'Erstellung nach Bestellung' falls Sie möchten, dass eine Rechung zu Ihrer Bestellung generiert wird. Der status der Rechnung wird anhand Ihres Buchungs Status gesetzt. Für verbuchte Zahlungen wird stets eine Rechnung erstellt."
"Client Certificate Passphrase","Kundenzertifikats-Schlüssel"
"Client Certificate Passphrase (Test)","Client Certificate Passphrase (Test)"
"Company Commercial Number","Handelsregisternummer der Firma"
"Confirm Password","Passwort bestätigen"
"Continue","Fortfahren"
"Could not convert object of type '!type' to string.","Konvertierung eines Objektes vom Typ '!type' ist fehlgeschlagen."
"Could not fetch installment plan from Klarna","Der Ratenplan konnte von Klarna nicht geladen werden."
"Could not find a brand for the given card number.","Es konnte keinen Brand für die gegebene Karte gefunden werden."
"Could not find an adapter for the authoriztion method !methodName.","Es konnte kein Adapter für die Autorisierungsmethode !methodName gefunden werden."
"Could not find pressed button.","Der Button konnte nicht gefunden werden"
"Could not find template file at default location '!location'.","Konnte kein Template auf dem Standard Pfad unter '!location' finden."
"Could not find the payment method !paymentMethodName.","Zahlungsmethode '!paymentMethodName' konnte nicht gefunden werden."
"Could not load layout from URL !url. Reason: !reason","Das Layout konnte nicht von !url geladen werden. Grund: !reason"
"Could not resolve IP address of the customer.","Die IP Adresse des Kunden konnte nicht aufgelöst werden."
"Create Account","Benutzerkonto erstellen"
"Create New Order - Payment","Neue Bestellung erstellen - Zahlung"
"Create a recurring payment, with an existing alias is not supported","Mit einem existierenden Alias ist die Erstellung einer wiederkehrenden Zahlung nicht möglich."
"Creating an account has many benefits:","Die Erstellung eines Benutzerkontos bringt viele Vorteile mit sich:"
"Creation Date","Erstellungsdatum"
"Credit Card Brands","Kreditkartenbrand"
"Credit Memo History","Gutschrifthistorie"
"Credit Memo Totals","Gutschrift Total"
"Credit memo's total must be positive.","Der Gesamtbetrag der Gutschrift muss positiv sein."
"Currency","Währung"
"Current Configuration Scope:","Scope der Konfiguration:"
"Customer Account","Kundenkonto"
"Customer Alias Management","Kunden Alias Management"
"Customer did not enter a date of birth.","Der Kunde hat kein Geburtsdatum angegeben."
"Customer did not enter a phone number.","Der Kunde hat keine Telefonnummer eingetragen."
"Customer did not enter a social securiy number.","Der Kunde hat keine Sozialversicherungsnummer angegeben."
"Customer did not select his gender.","Der Kunde hat kein Geschlecht gewählt."
"Customer successfully returned from FirstDataConnectCw","Kunde ist erfolgreich von FirstDataConnectCw zurückgekehrt"
"Customer successfully returned from FirstData Connect","Der Kunde ist erfolgreich von der FirstDataConnectCw Payment Page zurückgekehrt."
"Customer sucessfully returned from the FirstDataConnectCw payment page.","Der Kunde ist erfolgreich von der FirstDataConnectCw Payment Page zurückgekehrt."
"Customers","Kunden"
"Customweb","Customweb"
"DEBUG","DEBUG"
"Data Collection","Daten Sammlung"
"Date","Datum"
"Date of Birth","Geburtsdatum"
"Day","Tag"
"Deactivate","Deaktivieren"
"Deactivated","Deaktiviert"
"Dear customer we have received your billing and shipping information. In order to finish your order please create an account below or checkout as guest.","Sehr geehrter Kunde wir haben Ihre Rechnungs- und Lieferinformationen erhalten. Um Ihre Bestellung abschliessen zu können, bitten wir Sie ein Account zu erstellen oder sich als Gast anzumelden."
"Dear customer, it appears to us that your payment was successful, but we are still waiting for confirmation. You can wait on this page and we will redirect you after we received the confirmation. Or you can close this window and we will send out an order confirmation email.","Sehr geehrter Kunde, es scheint, dass Ihre Zahlung erfolgreich war, aber wir warten immer noch auf eine Bestätigung. Sie können auf dieser Seite warten, und wir leiten Sie weiter nachdem wir die Bestätigung erhalten haben. Oder Sie können dieses Fenster schliessen und wir senden Ihnen eine Auftragsbestätigung später per Email."
"Default Config","Standard Konfiguration"
"Deferred","Verzögert"
"Deferred (authorization)","Verzögert (Autorisierung)"
"Deferred capturing","Verzögerte Buchung"
"Deferred settlement","Verzögerte Erstellung"
"Define a maximal order total for this checkout to be available.","Definieren Sie einen Maximalbestellwert für den Checkout."
"Define a minimal order total for this checkout to be available.","Definieren Sie einen Mindestbestellwert, der erreicht werden muss um den Checkout verfügbar zu machen."
"Delayed","Verzögert"
"Delete","Löschen"
"Delivery address","Delivery address"
"Description","Beschreibung"
"Details: !details","Details: !details"
"Diners Club","Diners Club"
"Direct Debits","Lastschrift"
"Direct E-Banking","Sofortüberweisung"
"Direct capture after order","Direkte Buchung nach der Bestellung"
"Directly after order","Direkte Buchung nach der Bestellung"
"Directly after order (sale)","Direkte Buchung nach der Bestellung"
"Directory Server Error","Verzeichnis Server Error"
"Directory Server not responding","Verzeichnis Server antwortet nicht"
"DirektÜberweisung Verification","DirektÜberweisung Überprüfung"
"Disable 3d Secure for this payment method.","3D Secure für diese Zahlungsmethode deaktivieren"
"Disabled","Deaktiviert"
"Discount","Rabatt"
"Discount Amount","Rabattbetrag"
"Don't change order status","Bestellstatus nicht verändern."
"During authorization","Während der Autorisation"
"During the authorization of the payment a 3D secure check may be done. The selected outcomes are treated as uncertain transactions.","Während der Autorisation der Zahlung kann ein 3D Secure Check durchgeführt werden. Die ausgewählten Ergebnisse werden als ungewisse Transaktionen behandelt."
"Edit","Bearbeiten"
"Edit Invoice %s","Rechnung bearbeiten %s"
"Email Address","E-Mail Adresse"
"Empty version number field name","Leerer Versionsnummer-Feldname"
"Enable or disable logging.","Erfassung aktivieren oder deaktivieren."
"Enable the payment method","Diese Zahlungsmethode aktivieren"
"Enabled","Aktiviert"
"Enter the date on which your card expires.","Geben Sie das Ablaufdatum der Karte ein."
"Enter the store Id, that you will use to process your MOTO transactions. The MOTO ID is provided by FirstData Connect (Test).","Bitte geben Sie die Store ID ein, welche Sie für MoTo Transaktionen benützen möchten. Die MoTo ID wird Ihnen von FirstData Connect zur Verfügung gestellt."
"Enter the store Id, that you will use to process your MOTO transactions. The MOTO ID is provided by FirstData Connect.","Bitte geben Sie die Store ID ein, welche Sie für MoTo Transaktionen benützen möchten. Die MoTo ID wird Ihnen von FirstData Connect zur Verfügung gestellt."
"Error","Fehler"
"Error with the length of the validation date.","Bitte kontrollieren Sie das Gültigkeitsdatum."
"Excl. Tax","Exkl. Steuern"
"External Checkout","Externer Checkout"
"External Checkout: Guest Checkout","External Checkout: Gast Checkout"
"Failed","Fehlgeschlagen"
"Failed payment authorization.","Die Autorisierung ist fehlgeschlagen."
"Female","Weiblich"
"Figure !number:","Abbildung !number:"
"Flexibel in 14 Tagen bezahlen (<a href='https://cdn.klarna.com/1.0/shared/content/legal/terms/123/de_de/invoice#' target='_new'>Rechnungsbedingungen</a>)","Flexibel in 14 Tagen bezahlen (<a href='https://cdn.klarna.com/1.0/shared/content/legal/terms/123/de_de/invoice#' target='_new'>Rechnungsbedingungen</a>)"
"Force FirstData Connect to send the payment notification on a non SSL secured connection","FirstData Connect zwingen, die Zahlungsbenachrichtigung über eine nicht SSL gesicherte Verbindung zu senden."
"Force non SSL notifications","Non SSL Benachrichtigungen erzwingen"
"Forgot Your Password?","Haben Sie Ihr Passwort vergessen?"
"Forgot your password?","Passwort vergessen?"
"Gather solvency information through the service from Bürgel","Bonitätsinformationen über den Service von Bürgel einholen"
"Gender","Geschlecht"
"Get Update","Aktualisieren"
"Handling Fee","Bearbeitungsgebühr"
"Here you can find <a href='!more' target='_blank'>more information about installments</a>, <a href='!tac' target='_blank'>terms and conditions with revocation information</a> and <a href='!info' target='_blank'>general information about consumer credit</a>.","Hier finden Sie weitere Informationen <a href='!more' target='_blank'>zu Ratenzahlungen</a>, <a href='!tac' target='_blank'>Allgemeine Geschäftsbedingungen mit Informationen zur Vertragsauflösung</a> und <a href='!info' target='_blank'>Allgemeine Informationen über den Konsumentenkredit</a>."
"Here you can insert an order prefix. The prefix allows you to change the order number that is transmitted to Authorize.net. The prefix must contain the tag {id}. It will then be replaced by the order number (e.g. name_{id}).","Hier können Sie einen Bestellpräfix eingeben. Der Präfix erlaubt es Ihnen, die Bestellnummer, die an FirstData Connect übermittelt wird, zu verändern. Der Präfix muss den Tag {id} enthalten. Dieser wird anschliessend durch die Bestellnummer ersetzt (z.B. name_{id})."
"Here you can insert an order prefix. The prefix allows you to change the order number that is transmitted to FirstData Connect . The prefix must contain the tag {id}. It will then be replaced by the order number (e.g. name-{id}). Make sure that you do not use '_'.","Hier können Sie einen Bestellpräfix eingeben. Der Präfix erlaubt es Ihnen, die Bestellnummer, die an FirstData Connect übermittelt wird, zu verändern. Der Präfix muss den Tag {id} enthalten. Dieser wird anschliessend durch die Bestellnummer ersetzt (z.B. name_{id})."
"Hide","Verbergen"
"Home","Home"
"I agree that that Klarna can use my adress data for identity and scoring checks. I am aware that I can revoke my !consent at any time in the future. The general terms and conditions of the merchant apply.","Mit der Übermittlung der für die Abwicklung der gewählten Klarna Zahlungsmethode und einer Identitäts- und Bonitätsprüfung erforderlichen Daten an Klarna bin ich einverstanden. Meine !consent kann ich jederzeit mit Wirkung für die Zukunft widerrufen. Es gelten die AGB des Händlers."
"IBAN","IBAN"
"IBAN number","Bankkonto"
"Identification of Person","Identifizierung der Person"
"If a product is in stock only once and the payment of the customer ordering this product fails or is aborted, it won't be available until the order is canceled (see timeout option below). Enable this setting to cancel the customer's pending orders when he returns to the cart page and a product is not available anymore.","Sofern nur noch ein Produkt an Lager ist und die Bezahlung des Kunden (der genau dieses Produkt kauft) fehlschlägt, wird das Produkt solange reserviert bis die Bestellung annuliert wird (vgl. Timeout Option). Aktivieren Sie diese Option, falls Sie NICHT möchten, dass das Produkt reserviert wird. Die Bestellung wird dann bei fehlgeschlagener oder abgebrochener Zahlung sofort annuliert."
"If a product is in stock only once and the payment of the customer ordering this product fails or is aborted, it won't be available until the order is canceled (see timeout option below). Enable this setting to cancel the customer's pending orders when he returns to the cart page and a product is not available anymore. Be careful though: If you enable this option, there is a chance that payments are made with the corresponding order being already canceled.","Der Artikel wird während der Zeit, wenn ein Kunde im Checkout ist reserverit. Aktivieren Sie diese Option, damit der Bestand bei fehlgeschlagenen Zahlungen direkt wieder freigegeben wird. Ansonsten erfolgt die Freigabe erst, wenn der Cron Job die ausstehenden Bestellungen cancelled."
"If activating this setting, the Payment Page uses a responsive styling. It adapts itself to the resolution of the screen.","Wenn Sie diese Einstellung aktivieren, verwendet der Payment Page das responsive styling. Es passt sich der Auflösung des Bildschirms an."
"If it is not applicable leave the field empty.","Falls nicht zutreffend, lassen Sie dieses Feld leer."
"If the status is 'Pending' it is unclear whether the transaction will be cancelled successfully.","Wenn der Status 'Ausstehend' ist, dann ist unklar ob die Transaktion erfolgreich storniert wurde."
"If the status is 'Pending' it is unclear whether the transaction will be captured successfully.","Wenn der Status 'Ausstehend' ist, dann ist unklar ob die Verbuchung erfolgreich war."
"If the status is 'Pending' it is unclear whether the transaction will be refunded successfully.","Wenn der Status 'Ausstehend' ist, dann ist es unklar, ob die Gutschrift erfolgreich war."
"If the test mode is selected the test account is used. Otherwise the configured account is used.","Dieser Account wird benutzt, wenn der Testmodus ausgewählt ist. Andernfalls wird der konfigurierte Account benutzt."
"If you have any issues with the module please feel free to contact us. See our <a href='https://www.sellxed.com/en/support' target='_blank'>support page</a> for more information.","Zögern Sie nicht, uns zu kontaktieren falls Sie ein Problem mit dem Modul haben. Auf unserer <a href='https://www.sellxed.com/de/support' target='_blank'>Support Seite</a> finden Sie weitere Informationen."
"If you would like to use recurring payments, you need our magento module ""Customweb Subscription"". For further information go to <a href=""http://www.sellxed.com/shop/"" target=""_blank"">sellxed.com</a>.","Falls Sie Recurring Payments anbieten möchten, brauchen Sie das Magnet Modul ""Customweb Subscription"". Weitere Informationen finden Sie unter <a href=""http://www.sellxed.com/shop/"" target=""_blank"">sellxed.com</a>."
"Image Brand Selection","Auswahl des Kartenlogos"
"In some cases it may take a few seconds until the transaction is successfully authorized. When this option is enabled, the notification is awaited.","Es kann in einigen Fällen ein paar Sekunden dauern bis die Transaktion erfolgreich genehmigt wird. Wenn diese Option aktiviert ist, wird die Benachrichtigung erwartet."
"In some cases the transaction requires a few seconds until it is successfully authorized. When this option is enabled the user is hold until the transaction reach the final state. If this is not the case in 30 seconds a message is shown to the customer, which explains the situation.","Es dauert teilweise etwas bis wir vom PSP die Nachricht der Zahlung erhalten. Das aktivieren dieser Option führt dazu, dass der Kunde im Checkout verzögert wird, bis die Notifikation vom PSP eintrifft."
"In test mode amounts with decimal places fail. Only xx.00 is accepted","Im Testmodus werden Beträge mit Dezimalstellen nicht akzeptiert. Nur xx.oo wird akzeptiert."
"In test mode amounts with decimal places fail. Only xx.00 is accepted: !originalReason","Im Testmodus werden Beträge mit Dezimalstellen nicht akzeptiert. Nur xx.oo wird akzeptiert: !originalReason"
"In test mode amounts with decimal places fail: !originalReason","Im Testmodus sind Mengen mit Dezimalstellen ungültig: !originalReason"
"Inactive","Inaktiv"
"Incl. Tax","Inkl. Tax"
"Information","Information"
"Installment","Ratenzahlung"
"Interest Fee","Ratenkaufgebühr"
"Interest Rate","Sollzinssatz"
"Invalid login or password.","Ungültiges Login oder Passwort."
"Invoice","Rechnung"
"Invoice Fee","Rechnungsgebühr"
"Invoice Items","Rechungsartikel"
"Invoice Settlement","Verbuchung der Rechnung"
"Invoice Totals","Rechnungstotal"
"Invoice settlement","Rechungserstellung"
"Invoice was created successfully","Die Rechnung wurde erfolgreich erstellt"
"Invoices","Rechungen"
"Issue Number","Ausgabekartennummer"
"Issuing Bank","Issuing Bank"
"It is not possible to checkout in your country.","Es ist in Ihrem Land nicht möglich zu bezahlen."
"Item","Artikel"
"Items","Artikel"
"Items Refunded","Artikel zurückerstattet"
"JCB","JCB"
"Klarna: Merchant ID","Klarna: Merchant ID"
"Klarna: Shared Secret","Klarna: Shared Secret"
"Laser","Laser"
"Learn More","Mehr erfahren"
"Live Environment","Live Umgebung"
"Live HMAC Key","Live HMAC Key"
"Live Identifier (PBX_IDENTIFIANT)","Live Identifier (PBX_IDENTIFIANT)"
"Live Mode","Live Modus"
"Live Password","Live Passwort"
"Live Rang (PBX_RANG)","Live Rang"
"Live Site ID (PBX_SITE)","Live Site ID (PBX_SITE)"
"Logging","Logging"
"Login","Login"
"Login & Register","Login & Registrieren"
"Login and password are required.","Login und Passwort sind erforderlich."
"MOTO Shared Secret Connect Interface","MOTO Shared Secret Connect Interface"
"MOTO Shared Secret Connect Interface (Test)","MoTo Shared Secret Connect Interface (Test)"
"MOTO Store ID","MoTo Store ID"
"MOTO Store ID (Test)","MoTo Store ID (Test)"
"Maestro","Maestro"
"Maestro UK","Maestro UK"
"Mail order/telephone order authorization","Autorisierung von eMail-/Telefonbestellungen"
"Male","Männlich"
"Manage Stores","Shops verwalten"
"Manage FirstData Connect Aliases","FirstData Connect Aliasse verwalten"
"Mandate Reference","Mandatsreferenz"
"MasterCard","MasterCard"
"MasterPass","MasterPass"
"MasterPass: Order Confirmation","MasterPass: Bestellungsbestätigung"
"Maximum Order Total","Maximales Bestelltotal"
"Message","Nachricht"
"Method Title","Titel der Zahlungsmethode"
"Method information","Informationen über die Zahlungsmittel"
"Minimal Monthly Payment","Monatliche Mindestrate"
"Minimum Order Total","Minimales Bestelltotal"
"Missing requried parameters","Zwingende Parameter fehlen"
"MoTo","MoTo"
"MoTo FirstData Connect API Password","MoTo FirstData Connect API Passwort"
"MoTo FirstData Connect API Password (Test)","MoTo FirstData Connect API Passwort (Test)"
"MoTo FirstData Connect API User Id","MoTo FirstData Connect API User ID"
"MoTo FirstData Connect API User Id (Test)","MoTo FirstData Connect API User ID (Test)"
"Mobile","Mobil"
"Month","Monat"
"Moto Client Certificate Passphrase","MoTo Kundenzertifikats-Passwort"
"Moto Client Certificate Passphrase (Test)","MoTo Client Certificate Passphrase (Test)"
"My FirstData Connect Aliases","Meine FirstData Connect Aliasse"
"New Order","Neue Bestellung"
"New Order Status","Neuer Bestellstatus"
"New card","Neue Karte"
"Next Update Execution Date","Nächstes Ausführungsdatum für Updates"
"No","Nein"
"No Items","Keine Artikel"
"No Store ID was provided.","Es wurde keine Store ID angegeben."
"No additional payment information available.","Keine zusätzliche Zahlungsinformationen verfügbar"
"No authorization method found for payment method !method.","Es konnte keine Autorisierungsmethode für die Zahlmethode '!method' gefunden werden."
"No button returned.","Kein Knopf erhalten."
"No day set in the date of birth field.","Beim Geburtdatum wurde kein Tag angegeben."
"No hash provided","Es wurde kein Hash zurückgegeben"
"No month set in the date of birth field.","Beim Geburtdatum wurde kein Monat angegeben."
"No refund possible.","Keine Rückvergütung möglich"
"No shipping method needed.","Keine Versandmethode benötigt."
"No year set in the date of birth field.","Beim Geburtdatum wurde kein Jahr angegeben."
"No, use the dropdown.","Dropdown-Menü benutzen"
"None","Keine"
"Not enrolled","Nicht eingeschrieben"
"Only an authorized transaction can be marked as finally declined.","Nur autorisierte Transaktionen können als endgültig abgelehnt markiert werden."
"Only an uncertain transaction can be marked as finally declined.","Nur unsichere Transaktionen können als endgültig abgelehnt markiert werden."
"Only authorized transaction can be cancelled.","Nur autorisierte Transaktionen können storniert werden."
"Only authorized transaction can be captured.","Nur autorisierte Transaktionen können verbucht werden."
"Only authorized transaction can be refunded.","Nur autorsierte Transaktionen können gutgeschrieben werden."
"Only captured transaction can be refunded.","Nur gebuchte Transaktionen können gutgeschrieben werden."
"Only on captured transaction the flag customer refusing to pay can be set.","Nur bei bereits verbuchten Transaktionen kann ein Flag zur Markierung von Kunden, die nicht bezahlt haben, gesetzt werden."
"Operation Mode","Betriebsmodus"
"Order #","Bestellnummer"
"Order Grand Total","Gesamtsumme der Bestellung"
"Order Information","Bestellungsinformation"
"Order Prefix","Bestell-Präfix"
"Order Review","Bestellungsüberprüfung"
"Order Summary","Bestellzusammenfassung"
"Order Total","Bestelltotal"
"Order cancelled, because the customer was too long in the payment process of FirstData Connect.","Bestellung wurde abgebrochen, da der Kunde sich zu lange im Zahlungsprozess von FirstData Connect befand."
"Order prefix","Bestellungs-Präfix"
"Order was placed using %s","Order was placed using %s"
"Orders","Bestellungen"
"Orders with with payments that are longer pending than the specified timeout in minutes are cancelled automatically.","Bestellungen, deren Zahlungen länger ausstehend bleiben als das definierte Timeout in Minuten, werden automatisch abgebrochen. Um dieses Feature benutzen zu können, müssen Sie Magento Cron aufsetzen."
"Paid Amount","Bezahlter Betrag"
"Partial captures/refunds of Klarna payments cannot be created in the shop. This can only be done in the PSP backend.","Teilaktivierungen und Teilgutschriften von Klarna Bestellungen können nicht im Shop durchgeführt werden. Dies müssen Sie im Backend des PSPs durchführen."
"Partial captures/refunds of Klarna payments containing discount/coupons items cannot be created in the shop. This can only be done in the PSP backend.","Teilverbuchungen und Teilrückerstattungen bei Bestellungen mit Coupons sind nicht möglich im Shop. Bitte benutzen Sie das Virtual Terminal von FirstData Connect."
"Partial refund not possible. You may retry with the total transaction amount.","Teilrückzahlung nicht möglich. Die Summe ist grösser als der verbuchte Gesamtbetrag."
"Password","Passwort"
"Password and password confirmation are not equal.","""Passwort"" und ""Passwort bestätigen"" stimmen nicht überein."
"Pay with ____paymentMethodName____","Zahlen mit ____paymentMethodName____"
"Payment","Zahlung"
"Payment ID","Zahlungs-ID"
"Payment Id","Payment ID"
"Payment Information","Zahlungsinformationen"
"Payment Information only","Nur Zahlungsinformationen"
"Payment Method","Zahlungsmethode"
"Payment and Billing","Zahlung und Rechnungstellung"
"Payment captured successfully.","Die Zahlung wurde erfolgreich vebucht."
"Payment could not be authorized. Cancelling order. Reason : ","Die Zahlung konnte nicht autorisiert werden. Bestellung wird abgebrochen. Grund:"
"Payment details can be entered after placing the order","Die Zahlungsinformationen können eingegeben werden, nachdem die Bestellung bestätigt wurde."
"Payment from Applicable Countries","Zahlung von zutreffenden Ländern"
"Payment from Specific Countries","Zahlung von spezifischen Ländern"
"Payment from applicable countries","Zahlung von zutreffenden Ländern"
"Payment from specific countries","Zahlung von spezifischen Ländern"
"Payment is pending at FirstDataConnectCw","Zahlung ist bei FirstDataConnectCw ausstehend"
"Payment method description","Beschreibung der Zahlungsmethode"
"Payment with %s","Zahlung mit %s"
"Payment with FirstData Connect","Zahlung mit FirstData Connect"
"Payment, Billing and Shipping","Zahlung, Rechnungstellung und Lieferung"
"Payments may be updated periodically (interval in minutes). To use this feature you have to setup magento cron","Mit der Aktivierung dieser Option wird periodisch der Status der Zahlung via API Interface abgefragt. Um das Feature zu nutzen, muss der Magento Cron aktiviert sein."
"Pending","Ausstehend"
"Pending FirstDataConnectCw","Ausstehend  FirstDataConnectCw"
"Phone Number","Telefonnummer"
"Place Order","Rechtsverbindlich bestellen"
"Please accept the terms and conditions.","Stimmen Sie bitte den Allgemeinen Geschäftsbedingungen zu."
"Please agree to all the terms and conditions before placing the order.","Bitte stimmen Sie vor dem Platzieren der Bestellung den allgemeinen Geschäftsbedingungen zu."
"Please check the entered CVC number.","Bitte überprüfen Sie den eingegebenen CVC."
"Please check the entered credit card number.","Bitte geben Sie eine Kreditkartennummer ein."
"Please configure the Klarna Merchant ID","Bitte konfigurieren Sie die Klarna Merchant ID"
"Please configure the Klarna Shared Secret","Bitte konfigurieren Sie das Klarna Shared Secret"
"Please enter a day of birth.","Bitte geben Sie Ihr Geburtsdatum ein."
"Please enter a phone number.","Bitte geben Sie eine Telefonnummer ein."
"Please enter a valid day of birth.","Bitte geben Sie ein gültiges Geburtsdatum ein."
"Please enter here the Bank Identifier Code (BIC).","Bitte tragen Sie hier einen BIC ein (Bank identifier Code)."
"Please enter here the CVC code from your card. You find the code on the back of the card.","Bitte geben Sie hier den CVC Ihrer Karte ein. Sie finden diesen auf der Rückseite Ihrer Kreditkarte."
"Please enter here the IBAN of your bank account.","Bitte geben Sie die IBAN Ihres Bankkontos ein."
"Please enter here the International Bank Account Number (IBAN).","Bitte geben Sie die IBAN Ihres Bankkontos ein."
"Please enter here the account holder name on the card.","Bitte geben Sie den Kontoinhaber an."
"Please enter here the account holder name.","Bitte tragen Sie hier den Kontoinhaber ein."
"Please enter here the account number of your bank account.","Bitte geben Sie die IBAN Ihres Bankkontos ein."
"Please enter here the bank code of your bank.","Bitte geben Sie den Bankcode Ihrer Bank ein."
"Please enter here the card holder name on the card.","Bitte geben Sie den Karteninhaber auf Ihrer Kreditkarte ein."
"Please enter here the commercial number of your company.","Sie müssen die Handelsregisternummer Ihrer Firma eingeben"
"Please enter here the name of the account owner.","Bitte geben Sie den Namen des Kontoinhabers an."
"Please enter here the number on your card.","Bitte geben Sie hier die Kartennummer Ihrer Kreditkarte ein."
"Please enter here the sales tax number of your company.","Bitte tragen Sie hier die Steuernummer Ihrer Firma ein."
"Please enter here your birthplace","Bitte geben Sie Ihr Geburtsdatum ein."
"Please enter here your phone number.","Bitte geben Sie hier Ihre Telefonnummer an."
"Please enter here your social security number.","Bitte geben Sie hier Ihre Sozialversicherungsnummer ein."
"Please enter the BIC of your bank.","Bitte geben Sie die BIC ein."
"Please enter the location of your bank.","Bitte geben Sie den Standort Ihrer Bank ein."
"Please enter the name of your bank.","Bitte geben Sie hier den Namen Ihrer Bank ein."
"Please enter your Date of Birth (DD.MM.YYYY).","Bitte geben Sie Ihr Geburtsdatum ein (DD.MM.YYYY)"
"Please enter your IBAN number.","Bitte geben Sie Ihre IBAN ein."
"Please enter your issue number, if there is no CVC code on your card.","Bitte geben Sie die Ausgabenummer von Ihrer Karte ein, falls Sie keinen CVC auf Ihrer Karte haben."
"Please enter your phone number.","Bitte geben Sie Ihre Telefonnummer ein."
"Please enter your social security number.","Bitte geben Sie Ihre Sozialversicherungsnummer an."
"Please flash or disable the cache storage and retry. If this did not help, change the authorization method to PaymentPage and <a href=""%s"" target=""_blank"">contact sellxed</a>.","Bitte deaktivieren Sie Cache und versuchen Sie es erneut. Sollte dies nicht helfen, ändern Sie die Autorisationsmethode zu PaymentPage und <a href=""%s"" target=""_blank"">kontaktieren Sie sellXed</a>."
"Please flash or disable the cache storage and retry. If this did not help, change the authorization method to PaymentPage and <a href=""%s"" target=""_blank"">contact sellxed</a>.', 'http://www.sellxed.com/en/support","Bitte leeren oder deaktivieren Sie den Cache-Speicher und versuchen Sie es erneut. Falls dies nicht hilft, ändern Sie die Autorisationsmethode zu Payment Page und <a href=""%s"" target=""_blank"">kontaktieren Sie sellXed</a>.', 'http://www.sellxed.com/en/support"
"Please flush or disable the cache storage and retry. If this did not help, change the authorization method to PaymentPage and <a href=""%s"" target=""_blank"">contact sellxed</a>.","Bitte entleeren oder deaktivieren Sie Ihren Cache und versuchen Sie es erneut. Falls es immer noch nicht klappt, ändern Sie die Autorisierungsmethode zu PaymentPage und kontaktieren Sie <a href=""%s"" target=""_blank"">sellxed</a>."
"Please log in below:","Bitte loggen Sie sich ein:"
"Please read and accept the terms and conditions.","Bitte lesen Sie die Allgemeinen Geschäftsbedingungen und stimmen diesen zu."
"Please selecet your gender.","Wählen Sie ihr Geschlecht"
"Please select","-- Bitte wählen --"
"Please select a shipping method before sending the order.","Bitte wählen Sie vor dem Übermitteln der Bestellung eine Versandmethode aus."
"Please select the Bank Identifier Code (BIC) of your bank.","Wählen Sie einen BIC (Bank Identifier Code) Ihrer Bank."
"Please select the day of your birth.","Bitte wählen Sie den Tag Ihrer Geburt aus."
"Please select the expiry month on your card.","Bitte wählen Sie den Monat des Ablaufdatums auf Ihrer Kreditkarte aus."
"Please select the expiry year on your card.","Bitte geben Sie das Ablaufdatum der Karte ein."
"Please select the month of your birth.","Bitte wählen Sie den Monat Ihrer Geburt aus."
"Please select the the year of your birth.","Bitte wählen Sie das Jahr Ihrer Geburt aus."
"Please select your gender.","Wählen Sie ihr Geschlecht"
"Please select your issuing bank.","Wählen Sie bitte Ihre herausgebende Bank."
"Please specify the merchant id (EID) of your Klarna account.","Bitte geben Sie die Händler ID (EID) Ihres Klarna Benutzerkontos an."
"Please specify the shared secret your Klarna account.","Bitte geben Sie ein Shared Secret Ihres Klarna Accounts an."
"Please wait, processing your order...","Bitte warten, während die Bestellung verarbeitet wird..."
"Price","Preis"
"Product","Produkt"
"Product Name","Produktname"
"Pull interval","Pull-Intervall"
"Purchase Point","Einkaufsort"
"Qty","Anzahl"
"Raten und Laufzeit selbst bestimmen (<a href='https://cdn.klarna.com/1.0/shared/content/legal/terms/123/de_de/account' target='_new' >Lesen sie mehr</a>)","Raten und Laufzeit selbst bestimmen (<a href='https://cdn.klarna.com/1.0/shared/content/legal/terms/123/de_de/account' target='_new' >Lesen sie mehr</a>)"
"Ratenkauf","Ratenkauf"
"Rechnung","Rechnung"
"Recurring Payments","Abo Zahlungen"
"Refund Amount","Rückerstattungsbetrag"
"Refund ID","Rückvergütungs ID"
"Refund amount","Rückerstattungsbetrag"
"Refund information","Informationen zur Gutschrift"
"Refund status","Gutschriftsstatus"
"Refunded Amount","Rückerstattungsbetrag"
"Refunds","Gutschrift"
"Register","Registireren"
"Register to Create an Account","Registrieren, um ein Benutzerkonto zu erstellen"
"Register with us for future convenience:","Registrieren Sie sich bei uns für zukünftigen Komfort:"
"Release Date","Erscheinungsdatum"
"Responsive Payment Page","Responsive Payment Page"
"Review","Übersicht"
"Rounding Adjustment","Rundungskorrekturen"
"Row Total","Zeilensumme"
"SEPA Mandate ID","SEPA Mandats ID"
"SKU:","SKU:"
"Sales","Verkäufe"
"Sales Tax Number","Steuer Nummer"
"Save","Speichern"
"Saved cards:","Gespeicherte Karten:"
"See order and shipping status","Bestell- und Versandstatus ansehen"
"Select Brand","Wählen Sie den Kartentyp aus."
"Select Method","Methode auswählen"
"Select if DirektÜberweisung should verfiy payment data","Bitte wählen Sie ob DirektÜberweisung die Zahlungsangaben überprüfen soll"
"Select the additional information shown to the customer.","Wählen Sie die zusätzliche Information aus, welche dem Kunden angezeigt wird."
"Select the authorization method to use for processing this payment method.","Wählen Sie bitte die Autorisierungsmethode für diese Zahlweise. (Bitte beachten Sie, dass die Hidden Autorisierung für Kreditkarten (sofern vorhanden) zusätzliche Zertifizerungsanforderungen mit sich bringt SAQ-A-EP. Für weitere Informationen kontkatieren Sie bitte FirstData Connect)."
"Select the data which FirstData Connect collects during the payment page checkout process","Wählen Sie die Daten aus, welche von FirstData Connect während des Checkout Prozesses gesammelt werden sollen."
"Select the data which FirstData Connect collects during the payment page checkout process. We suggest that you use 'Payment Information only' otherwise the user will be asked for additional details on the Payment Page.","Wählen Sie die Daten aus, welche von FirstData Connect während des Checkout Prozesses gesammelt werden sollen. Wir empfehlen Ihnen 'Nur Zahlungsinformationen' zu wählen, sonst wird der Kunde auf der Payment Page noch nach zusätzlichen Informationen gefragt."
"Select the date of your birth.","Wählen Sie Ihr Geburtsdatum."
"Select the date on which your card expires.","Wählen Sie das Kartenablaufdatum."
"Select your gender","Wählen Sie ihr Geschlecht"
"Sellxed On Hold","Sellxed In Wartestellung"
"Send Invoice Email","Rechnungs-E-Mail senden"
"Send amounts to FirstData Connect in base currency.","Den Betrag an FirstData Connect  in der Standard Währung setteln"
"Send amounts to FirstData Connect in store's base currency.","Beträge in der Basiswährung des Shops an FirstData Connect senden."
"Send invoice email","Rechnungsmail versenden"
"Send the invoice email automatically after invoice creation.","Soll das Rechnungsemail direkt nach dem Erstellen der Rechnung versendet werden?"
"Set direct capture after order. In this case your authoization will directly be captured on your customer's credit card","Wenn Sie 'Direkte Buchung' wählen, wird die Autorisierung direkt von der Kredit Karte des Kunden abgebucht. Bei 'Verzögerte Buchung' wird der Betrag verzögert zu einem von Ihnen definierten Zeitpunkt verbucht."
"Set the sort order to show the external checkouts.","Legen Sie die Reihenfolge fest, in der externe Checkouts angezeigt werden sollen."
"Settlement after order","Erstellung nach der Bestellung"
"Shared Secret Connect Interface provided by FirstData Connect (Test).","Das 'Shared Secret Connect Interface' wird von FirstData Connect bereitgestellt (Test)."
"Shared Secret Connect Interface provided by FirstData Connect.","Shared Secret Connect Interface von FirstData Connect zur Verfügung gestellt."
"Shipping","Versand"
"Shipping & Handling","Shipping & Handling"
"Shipping Address","Lieferadresse"
"Shipping Amount","Lieferkosten"
"Shipping Information","Versandinformationen"
"Shipping Method","Versandmethode"
"Shipping Methods","Versandmethoden"
"Shipping Refund","Rückerstattung der Lieferkosten"
"Shop","Shop"
"Should the amount be captured automatically after the order (direct) or should the amount only be reserved (deferred)?","Soll der Betrag nach der Bestellung automatisch abgesendet (direkt) oder nur reserviert werden (verzögert)?"
"Show","Anzeigen"
"Show Account Selection","Account-Auswahl anzeigen"
"Show Further Settings and Information","Weitere Einstellungen und Informationen zeigen"
"Show Image","Bild anzeigen"
"Show Installment information","Information der Ratenzahlung ausweisen"
"Show Invoice information","Rechnungsinformation anzeigen"
"Show Payment Id","Payment ID anzeigen"
"Show the payment id","Anzeigen der Zahlungs ID"
"Show the payment id in the order information","Zahlungs ID in der Bestellinformation anzeigen"
"Show the payment image","Anzeigen der Zahlungslogos"
"Show the payment image on the checkout page","Zahlungslogos im Checkout anzeigen"
"Sign In","Anmelden"
"Social Security Number","Sozialversicherungsnummer"
"Social security number required","Sozialversicherungsnummer wird benötigt"
"Solvency Information","Bonitätsinformationen"
"Sort Order","Sortierreihenfolgen"
"Status","Status"
"Status After Pending","Status für nicht abgeschlossene Bestellungen"
"Status denied after Klarna pending","Status abgelehnt nach Klarna hängig"
"Store ID","Store ID"
"Store ID (Test)","Store ID (Test)"
"Store the payment details","Speichere Zahlungsdaten"
"Stored payment details","Gespeicherte Zahlungsdetails"
"Submit Order","Bestellung absenden"
"Submitting order information...","Bestellungsinformation übermitteln..."
"Subtotal","Zwischensumme"
"Success","Erfolgreich"
"Successful","Erfolgreich"
"Successful online refund of amount","Der Betrag wurde online erfolgreich zurückerstattet."
"Successful payment authorization.","Die Zahlung wurde erfolgreich autorisiert."
"Successfull online refund of amount","Der Betrag wurde online erfolgreich zurückerstattet."
"Support","Support"
"Tax Amount","Steuerbetrag"
"Technical issue: This payment methods is not available at the moment.","Technisches Problem: Diese Zahlungsmethode ist zur Zeit nicht verfügbar."
"Terms and Conditions","Allgemeine Geschäftsbedingungen"
"Test Environment","Testumgebung"
"Test Mode","Test Modus"
"Test Transaction","Testtransaktion"
"The API password required for the basic authorization will be provided by FirstData Connect (Test).","Das API Passwort, das für die generelle Autorisierung benötigt wird, wird von FirstData Connect bereitgestellt (Test)."
"The API password required for the basic authorization will be provided by FirstData Connect.","Das API Passwort, welche für die grundlegende Autorisierung zuständig ist, wird Ihnen von FirstData Connect zur Verfügung gestellt."
"The HMAC key as defined in the live backoffice of FirstData Connect. You may need generate the HMAC key. Please take a look at the manual how to do this.","Der HMAC Key ist im Live Backoffice von FirstData Connect angegeben. Eventuell müssen Sie den HMAC Key noch generieren. Eine Anleitung dazu finden Sie im Manual."
"The MoTo API password required for the basic authorization. The password is provided by FirstData Connect (Test).","Das MoTo API Passwort, das für die grundlegende Autorisierung benötigt wird. Das Passwort wird von FirstData Connect bereitgestellt (Test)."
"The MoTo API password required for the basic authorization. The password is provided by FirstData Connect.","Das MoTo Passwort, welche für die grundlegende Autorisierung benötigt wird. Das Passwort wird Ihnen von FirstData Connect zur Verfügung gestellt."
"The MoTo User Id who is allowed to access the API","MoTo User mit Zugangsrecht zur API"
"The MoTo User Id who is allowed to access the API (Test)","Die MoTo User ID, die Zugriff auf das API ermöglicht."
"The SEPA mandate schema does not contain the tag '!tag'. This tag is required.","Das SEPA Mandat Scheme enthält leider nich die Bezeichnung '!tag'. Diese Bezeichnung ist aber Pflicht."
"The Store ID will be provided by FirstData Connect and usally consist of 11 digits.","Die Store ID wird Ihnen von FirstData Connect zur Verfügung gestellt und besteht normalerweise aus 11 Ziffern."
"The Store ID will be provided by FirstData Connect and usally consist of 11 digits. (Test)","Die Store ID wird Ihnen von FirstData Connect zur Verfügung gestellt und besteht normalerweise aus 11 Ziffern."
"The User Id who is allowed to access the API will be provided by FirstData Connect (Test).","Die User ID mit der das API freigeschaltet wird, wird von FirstData Connect bereitgestellt (Test)."
"The User Id who is allowed to access the API will be provided by FirstData Connect.","Die User ID, welche Zugang zum API hat, wird von FirstData Connect zur Verfügung gestellt."
"The alias could not be found.","Der Alias konnte nicht gefunden werden."
"The alias has been deleted.","Der Alias wurde gelöscht"
"The alias manager allows the customer to select from a credit card previously stored. The credit card data is stored by FirstData Connect.","Der Alias Manager erlaubt es dem Kunden mit einer bereits gespeicherten Kreditkarte zu bezahlen. Diese Kreditkartendaten werden bei FirstData Connect gespeichert."
"The alias transaction could not be conductet with error code: !code, and reason: !reason:","Die Alias Transaktion konnte nicht durchgeführt werden. Fehlermeldung: !code und Grund: !reason."
"The amount could not be verified.","Der Betrag konnte nicht verifiziert werden."
"The amount of !amount is authorized.","Der Betrag von '!amount' wurde autorisiert."
"The amount of !amount is captured.","Der Betrag von !amount ist verbucht."
"The authorization method '!method' is not supported.","Die Autorisierungsmethode '!method' ist nicht unterstützt."
"The authorization was not successful","Autorisierungsfehler. Die Autorisierung war nicht erfolgreich."
"The brand of the credit card is detected by the card number if hidden authorization is used. If the payment page is used, the user has to select the brand. The allowed credit card brands can be restricted by this setting.","Der Kreditkartenanbieter wird anhand der Kartennummer falls Hidden Authorization benutzt wird. Wird die Zahlungsseite (Payment Page) benutzt, muss der Nutzer den Anbieter manuell auswählen. Über diese Einstellung können auch die akzeptierten Kreditkartenanbieter eingeschränkt werden."
"The brand of the credit card is detected by the card number if hidden authorization is used. The allowed credit card brands can be restricted by this setting. If payment page is used the customer will select the payment method at ____paymetnServiceProviderName____ and this setting is ignored.","Falls Hidden Authorization verwendet wird, kann die Marke der Kreditkarte anhand der Kreditkartennummer ausfindig gemacht werden. Diese Einstellung kann die zulässigen Kreditkartenmarken einschränken. Falls Payment Page genutzt wird, wählt der Kunde die Zahlungsmethode bei  FirstData Connect aus und diese Einstellung wird ignoriert."
"The brand with external name '!key' was not present in the map.","Der Kreditkartenbrand mit dem Namen '!key' konnte nicht zugeordnet werden."
"The brand with key '!key' was not found in the card information map.","Der Kreditkarten Brand mit dem '!key' wurde nicht gefunden in der Karteninformationsmap."
"The cancellation could not be conducted. Error code: !error.","Die Stornierung konnte nicht durchgeführt werden. Fehlercode: !error."
"The capture amount (!captureAmount) cannot be greater than the authorized amount (!authorizedAmount).","Der Verbuchungsbetrag von '!captureAmount' kann nicht grösser sein als der autorisierte Betrag von '!authorizedAmount'."
"The capture item with SKU '@sku' has a higher amount (@amountItem) as the original item (@amountOriginal).","Der verbuchte Artikel mit der Bestandseinheit @sku hat einen höheren Wert (@amountItem) als der ursprüngliche Artikel (@amountOriginal)."
"The capture item with SKU '@sku' is not present in the original order.","Der verbuchte Artikel mit der Bestandseinheit @sku ist in der ursprünglichen Bestellung nicht vorhanden."
"The capturing could not be conducted. Error code: !error.","Die Verbuchung konnte nicht durchgeführt werden. Fehlercode: !error."
"The card brand selection is automatically done depending on the entered card number. If no Javascript is active in the browser, a drop down is shown. In case JavaScript a the brand logos can be shown. Should the brand selection using images?","Die Auswahl des Kartenanbieters wird abhängig von der eingegebenen Kartennummer automatisch durchgeführt. Falls JavaScript im Browser nicht aktiviert ist, wird ein Dropdown-Menü angezeigt. Ist JavaScript aktiv, können die Logos der Anbieter gezeigt werden, sofern die Image Brand Selection aktiviert ist."
"The card brand selection is automatically done depending on the entered card number. If no Javascript is active in the browser, a drop down is shown. In case JavaScript a the brand logos can be shown. Should the brand selection using images? (Only for Hidden Authorization)","Die Selektion des Kartenbrands wird automatisch anhand der eingegebenen Kartennummer getan. Falls Javascript im Browser nicht aktiv ist wird ein Dropdown angezeigt. Falls JavaScript läuft, können die Logos der Marken angezeigt werden. Möchten Sie dies aktivieren (geht nur für Hidden Authorization)."
"The configuration has been saved.","Die Konfiguration wurde gespeichert."
"The context is in the wrong state, for this action","Der Kontext ist im falschen Zustand für die gewünschte Aktion"
"The controller class '@controller' does not provide any method with annotation 'Customweb_Payment_Endpoint_Annotation_ExtractionMethod' and valid output.","Die Controller Class '@controller' bietet keine Methode mit der Beschriftung 'Customweb_Payment_Endpoint_Annotation_ExtractionMethod' und gültigem Output."
"The customer did not the terms and conditions of Klarna.","Der Kunde hat die Allgemeinen Geschäftsbedingungen von Klarna nicht akzeptiert."
"The customer does not finish the payment with in the timeout.","Der Kunde hat die Zahlung nicht innerhalb des Timeouts abgeschlossen."
"The date of birth is required.","Das Geburtsdatum muss angegeben werden."
"The expected format is '!format' where the 'MM' means the month number and 'YY' the year number.","Das Ablaufdatumsformat ist '!format', wobei 'MM' für den Monat steht und 'YY' für das Jahr."
"The gender is required.","Geschlecht muss angegeben werden."
"The given CVC code has the wrong length.","Der angegebene CVC Code hat eine ungültige Länge."
"The given card number has an invalid check sum.","Die angegebene Kartennummer hat eine ungültige Check Summe."
"The given card number has an invalid length.","Die angegebene Kartennummer hat eine ungültige Länge."
"The given hmac key is empty.","Der HMAC Key ist ungültig."
"The given identifier is empty.","Der Identifier ist ungültig."
"The given password is empty.","Das Passwort ist ungültig."
"The given rang is empty. It must be a nummeric value with length of two.","Der gegebene Rang ist leer. Er muss eine zweistellige Nummer sein."
"The given rang is invalid. It must be a nummeric value with length of two.","Der gegebene Rang ist ungültig. Er muss eine zweistellige Nummer sein."
"The given site number is empty.","Es wurde keine Seitenzahl angegeben."
"The identifier as defined in the backoffice of FirstData Connect.","Der Identifier, wie er im FirstData Connect Backoffice angegeben ist."
"The interval in minutes between pulling updates from FirstData Connect.","Das Intervall, in dem von FirstData Connect Updates bezogen werden sollen (in Minuten)."
"The invoice could not be captured and processed by","Die Rechung konnte bei FirstData Connect nicht gebucht und verarbeitet werden"
"The invoice could not be captured and processed. Reason:","Die Rechnung konnte nicht verbucht und verarbeitet werden. Grund: !reason."
"The invoice could not be found.","Die Rechung konnte nicht gefunden werden."
"The invoice has been changed.","Die Rechnung wurde geändert."
"The invoice no longer exists.","Die Rechnung existiert nicht mehr."
"The layout does not contain the tag '!layout_tag'.","Das Layout enhält nicht den Tag '!layout_tag'."
"The next update execution date indicates when the next cron is run to update the transaction state.","Das nächste Ausführungsdatum für upades zeigt Ihnen an, wann der nächste cron für das Update des Transaktionsstatus läuft."
"The order is not fully completed. Please contact the store owner.","Die Zahlung konnte nicht durchgeführt werden."
"The passphrase to access the MoTO client certificate provided by FirstData Connect (Test).","Das von FirstData Connect (Test) bereitgestellte Passwort für den Zugang zum MoTo Kundenzertifikat"
"The passphrase to access the MoTO client certificate provided by FirstData Connect.","Der Schlüssel für den Zugang zum MoTo Kundenzertifikat wird Ihnen von FirstData Connect zur Verfügung gestellt."
"The passphrase to access the client certificate provided by FirstData Connect. Please make sure that you follow the instructions in the manual concerning the creation of the certificate file (Test).","Das Passwort, das Zugriff auf das Kundenzertifikat von FirstData Connect erlaubt. Bitte stellen Sie sicher, dass Sie die Anweisungen im Manual bezüglich der Erstellung des Zertifikats genau befolgen (Test)."
"The passphrase to access the client certificate provided by FirstData Connect. Please make sure that you follow the instructions in the manual concerning the creation of the certificate file.","Der Schlüssel um Zugang zum Kundenzertifikat zu haben, wird Ihnen von FirstData Connect zur Verfügung gestellt. Bitte stellen Sie sicher, dass Sie die Anweisungen aus dem Manual, bezüglich der Erstellung des Zertifikats-Files, genau befolgen."
"The payment failed due to an unknown reason","Die Bezahlung ist aufgrund eines unbekannten Fehlers fehlgeschlagen"
"The payment form will be displayed after submitting the order.","Das Bezahlformular wird nach dem Absenden der Bestellung angezeigt."
"The payment has been accepted.","Die Zahlung wurde akzeptiert"
"The payment has been denied.","Die Zahlung wurde abgelehnt."
"The payment method !paymentMethod does not support recurring payment.","Die Zahlungsmethode !paymentMethod unterstützt wiederkehrende Zahlungen nicht."
"The payment method !paymentMethodName does not support the currency '!currency'.","Die Zahlweise '!paymentMethodName' unterstützt die Währung '!currency' nicht."
"The payment method !paymentMethodName is not available in your country ('!country').","Die Zahlungsmethode '!paymentMethodName' ist in Ihrem Land ('!country') nicht verfügbar."
"The payment update has been made.","Das Zahlungsupdate wurde ausgeführt."
"The provided signature does not match with the one calculated.","Die eingegeben Signatur stimmt nicht mit der berechneten Signatur überein."
"The rang (PBX_RANG) as defined in the live backoffice of FirstData Connect. It must be nummeric value with length two. In the backoffice it may be displayed as a three char value. You must truncate the first digit.","Der Rang (PBX_RANG), wie er im Live Backoffice von FirstData Connect_ angegeben ist. Er muss eine zweistellige Nummer sein. Im Backoffice wird er eventuell als dreistelliger Wert angezeigt. Sie müssen die erste Ziffer streichen."
"The refund item with SKU '@sku' has a higher amount (@amountItem) as the original item (@amountOriginal).","Der zurückerstattete Artikel mit der Bestandseinheit @sku hat einen höheren Betrag (@amountItem) als der ursprüngliche Artikel (@amountOriginal)."
"The refund item with SKU '@sku' is not present in the original order.","Der zurückerstattete Artikel mit der Bestandseinheit @sku ist in der ursprünglichen Bestellung nicht enthalten."
"The refunding could not be conducted. Error code: !error.","Die Rückerstattung konnte nicht durchgeführt werden. Fehlercode: !error."
"The shared secret for the connect interface","Der Shared Secret für das Connect Interface"
"The shared secret for the connect interface (Test)","Das Passwort (Shared Secret ) für das Connect Interface (Test)."
"The shared secret for the connect interface used for your MOTO transactions provided by FirstData Connect (Test).","Das von FirstData Connect bereitgestellte gemeinsame Passwort für das Connect Interface für MoTo Transaktionen."
"The shared secret for the connect interface used for your MOTO transactions provided by FirstData Connect.","Der Shared Secret für das Connect Interface, das für MoTo Transaktionen benutzt wird, wird Ihnen von FirstData Connect zur Verfügung gestellt."
"The shipping and billing addresses must be equal","Die Liefer- und Rechnungsadressen müssen übereinstimmen."
"The shopping cart has been altered!","Der Warenkorb wurde verändert!"
"The signature could not be verified.","Die Signatur konnte nicht verifiziert werden."
"The site id (PBX_RANG) as defined in the backoffice of FirstData Connect.","Die Site ID (PBX_RANG) wie Sie im Backoffice von FirstData Connect angegeben ist."
"The total refund amount (!totalRefundedAmount) cannot be greater than the captured amount (!capturedAmount).","Der Totale gutzuschreibende Betrag von '!totalRefundedAmount' kann nicht grösser sein als der verbuchte Betrag von '!capturedAmount'."
"The transaction cannot be cancelled online.","Die Transaktion kann nicht online storniert werden."
"The transaction cannot be captured online.","Die Transaktion kann nicht online erfasst werden."
"The transaction cannot be refunded online.","Die Transaktion kann nicht online zurückerstattet werden."
"The transaction failed with an unknown error.","Die Transaktion ist mit einem unbekannten Fehler fehlgeschlagen"
"The transaction failed with error code !code.","Die Transaktion ist fehlgeschlagen. Fehlermeldung: !code"
"The transaction is only executed in the test system. The goods should not be delivered.","Die Transaktion wird nur im Testsystem durchgeführt. Die Waren sollen nicht geliefert werden."
"The transaction was declined by Klana.","Die Transaktion wurde von Klarna abgelehnt."
"The uncertain transaction was accepted.","Die unsichere Transaktion wurde akzeptiert."
"The uncertain transaction was finally declined.","Die unsichere Transaktion wurde schliesslich abgelehnt."
"The whole transaction is cancelled.","Die gesamte Transaktion wurde storniert."
"There has been a problem during the processing of your payment.","Während der Verarbeitung der Zahlung ist ein Problem aufgetreten."
"There has been a problem during the processing of your payment. Please contact the shop owner to make sure your order was placed successfully.","Während der Verarbeitung der Zahlung ist ein Problem aufgetreten. Bitte kontaktieren Sie den Shop-Betreiber um sicherzugehen, dass die Bestellung erfolgreich erfasst wurde."
"There is a problem with your license. Please contact us (www.sellxed.com/support). Reason: %1","Es besteht ein Problem mit Ihrer Lizenz. Bitte kontaktieren Sie uns (www.sellxed.com/support). Reason: %1"
"There is a problem with your license. Please contact us (www.sellxed.com/support). Reason: %s","There is a problem with your license. Please contact us (www.sellxed.com/support). Reason: %s"
"There is a technical issue, please contact the merchant.","Es gibt ein technisches Problem, bitte kontaktieren Sie den Händler."
"There is already a customer registered using this email address. Please login using this email address or enter a different email address to register your account.","Es ist bereits ein Kunde mit dieser E-Mail-Adresse registriert. Bitte mit dieser E-Mail-Adresse anmelden, oder eine andere E-Mail-Adresse eingeben um ihren Account zu registrieren."
"There seems to be a problem with the FirstData Connect module.","Es scheint ein Problem mit dem FirstData Connect-Modul  zu geben."
"There was an error validating the login and password.","Ein Fehler ist bei der Validierung der Logindaten und des Passworts aufgetreten."
"This account is not confirmed. <a href=""%s"">Click here</a> to resend confirmation email.","Dieser Account ist nicht verifiziert. <a href=""%s"">Klicken Sie hier</a> um die Bestätigungsemail erneut zu versenden."
"This method is not available for companies","Diese Zahlungsart ist für Unternehmen nicht erhältlich"
"This password is used for recurring payments and for the alias manager as well as for the server authorization. This is the password of the FirstData Connect account.","Dieses Passwort wird für wiederkehrende Zahlungen sowie für den Alias Manager und die Service Autorisierung benutzt. Dies ist das Passwort für den FirstData Connect Account."
"This payment method is currently not available, please select another one.","Die Zahlungsmethode ist nicht verfügbar. Bitte wählen Sie eine andere Zahlart."
"This setting can be used to activate resp. deactivate the 3D secure check. Please check with PayBox if you are allowed to deactivate the 3D secure check. This setting has only an effect when you use the payment page.","Anhand dieser Einstellung können Sie die 3D Secure Überprüfung aktivieren bzw. deaktivieren. Bitte fragen Sie bei Paybox an, ob sie 3D Secure deaktivieren dürfen. Diese Einstellung ist nur relevant, wenn Sie Payment Page benutzen."
"This status is set, when the payment was successfull and it is authorized.","Dieser Status wird vergeben, wenn eine Zahlung erfolgreich war und autorisiert wurde."
"This transaction is already closed for further captures.","Diese Transaktion ist bereits geschlossen und es können keine weiteren Buchungen vorgenommen werden."
"This transaction is already closed for further refunds.","Diese Transaktion wurde für weitere Gutschriften bereits geschlossen."
"This transaction no longer exists.","Diese Transaktion existiert nicht mehr."
"Timeout for pending payments (min)","Timeout für ausstehende Zahlungen (Min.)"
"Titel","Titel"
"Title","Titel"
"Title of the payment method","Name der Zahlungsmethode"
"Total","Total"
"Total Shipping Charges","Total Lieferkosten"
"Track order history","Getätigte Bestellungen verfolgen"
"Trans ID","Transaktions-ID"
"Transaction","Transaktion"
"Transaction Authorized","Transaktion autorisiert"
"Transaction Cancelled","Transaktion storniert"
"Transaction Captured","Transaktion verbucht"
"Transaction History","Transaktionsverlauf"
"Transaction Id","Transaktions-ID"
"Transaction Paid","Transaktion bezahlt"
"Transaction Uncertain","Transaktion ist unsicher"
"Transaction Updates","Transaktionsupdates"
"Transaction cancelled successfully","Die Transaktion wurde erfolgreich abgebrochen."
"Transaction captured successfully","Die Transaktoin wurde erfolgreich verbucht."
"Transaction declined as authorization is pending at a third party service.","Die Transaktion wurde abgelehnt oder ist ausstehend bei dem Verarbeiter."
"Transaction history","Transaktionsübersicht"
"Transaction notification verification failed.","Die Benachrichtigung zur Bestätigung der Transaktion ist fehlgeschlagen."
"Transaction was authorized over the deferred authorization mechanism.","Die Transaktion wurde über den verzägerten Autorisierungsmechanismus autorisiert."
"Transactions","Transaktionen"
"Unable to save the invoice.","Die Rechnung konnte nicht gespeichert werden."
"Uncertain Status","Unsicherer Status"
"Uncertain transactions","Unsichere Transaktionen"
"Unless you select this checkbox, the payment will be captured at the PSP and you can not add additional captures.","Wenn Sie die Checkbox nicht anklicken, wird die Bestellung beim PSP verbucht und es können keine weiteren Captures erstellt werden."
"Update","Update"
"Update Qty's","Anzahl anpassen"
"Update interval for payments","Update Intervall für Zahlungen"
"Use Base Currency","Basiswährung verwenden"
"Use Default","Standardeinstellungen benutzen"
"Use base currency","Zahlung in der Standard Währung setteln."
"VISA","VISA"
"Validation","Validierung"
"Version","Version"
"View","Anzeigen"
"Wait On Success Page","Auf der Success Seite warten"
"We cannot get the transaction instance.","Wir können keine Transaktions-Instanz laden."
"We experienced a problem with your sellxed payment extension. For more information, please visit the configuration page of the plugin.","Es gibt ein Problem mit Ihrem Zahlungsmodul. Für mehr Informationen, besuchen Sie für die Informationsseite des Plugins."
"We're sorry. We were unable to process this transaction with Klarna. Please choose another payment method.","Leider können wir diesen Einkauf nicht über Klarna abwickeln. Bitte wählen Sie eine alternative Zahlungsoption aus, um Ihre Bestellung abzuschliessen."
"When the store is not available (network outage, server failure or any other outage), when the feedback of FirstData Connect is sent, then the transaction state is not updated. Hence no order confirmation e-mail is sent and the order is not in the paid state. By activating the transaction update, such transactions can be authorized later over direct link. To use this feature the update service must be activated and the API username and the API password must be set.","Wenn der Shop nicht erreichbar ist (Netzwerk- Serverausfall o.ä.) während das Feedback von  FirstData Connect gesendet wird, wird der Transaktionsstatus nicht aktualisiert. Daher wird keine Bestätigungsmail für die Bestellung verwand und die Bestellung hat noch nicht den Status 'bezahlt'. Indem Sie Transaktionsupdates aktivieren, können solche Transaktionen über einen direkten Link aktualisiert werden. Um diesen Service zu nutzen, muss der Update Service aktiviert sein und der API Nutzername sowie das Passwort müssen festgelegt sein."
"When using an external checkout, the customer can either be asked to chose an option to authenticate (as guest, register or login) or he can always be checked out as guest. For the second option to work, guest checkout has to be enabled in magento.","Beim externen Checkout mit Adressübergabe hat der Kunde nach der Rückkehr aus dem Wallet die Möglichkeit sich einzuloggen (als gast, ein Konto erstellen oder mit den bestehenden Kundenkonto einloggen). Alternativ können Sie den Kunden zwingen immer als Gastkunde auszuchecken. In diesem Fall muss aber in Magento Gast Checkout als Option aktiviert sein."
"Year","Jahr"
"Yes","Ja"
"Yes, use images for the brand selection.","Logos für die Auswahl des Kartenanbieters benutzen."
"You can allow the customers to manage/delete their aliases in the their account.","Sie können Ihren Kunden gestatten ihre Aliasse auf ihrem Konto zu verwalten/löschen."
"You can decide on the order status new orders should have after they are processed successfully.","Definieren Sie den Bestellstatus für Bestellungen, welche erfolgreich verarbeitet wurden."
"You can decide on the order status new orders should have that have an uncertain authorization status.","Definieren Sie den Bestellstatus für Bestellungen mit einer unsicheren Autorisierung."
"You can only capture/refund a complete line item. (Item: !name - Expected Amount: !expected - Given Amount: !given)","Sie können nur einen kompletten Posten erfassen / zurückerstatten. (Item: !name - Expected Amount: !expected - Given Amount: !given)"
"You can specify the order status for new orders that have an uncertain authorisation status.","Sie können den Status von Bestellungen mit unsicherem Autorisationsstatus definieren."
"You can specify the order status for orders that are captured either directly after the order or manually in the backend.","Sie können den Status von Bestellungen definieren, die entwerder direkt nach der Bestellung oder manuell im Backend verbucht werden."
"You can specify the order status for orders that are denied after being pending at Klarna","Sie können den Bestellstatus für Bestellungen, welche abgelehnt werden nachdem sie bei Klarna hängig waren, spezifizieren."
"You can specify the order status for orders that had a pending authorization status. Due to technical reasons it can happen that a transaction can not be cleared directly. The order will then be set on a hold state. The module will automatically check for a status update. With the 'Status after Pending' you define which status will be set in case the order has been cleared. We suggest to set the state according the authorization state above.","Hier können Sie den Bestellstatus für Bestellungen mit austehendem Autorisierungstatus festlegen. Aufgrund technischer Gründe kann es vorkommen, dass eine Transaktion nicht sofort freigeschaltet werden kann. Diese Bestellung wird dann vorübergehend angehalten. Das Modul wird automatisch nach einem Status Update nachprüfen. Mit dem Status 'Status nach ausstehender Bestellung' legen Sie fest, welcher Status gesetzt werden soll im Falle, dass die Bestellung freigegeben wurde. Wir empfehlen Ihnen, denselben Status wie den obigen Autorisierungsstatus zu wählen."
"You can specify the order status when an order is cancelled.","Sie können den Status von abgebrochenen Bestellungen definieren."
"You can switch between the different environments, by selecting the corresponding operation mode.","Sie können zwischen den verschiedenen Umgebungen wechseln indem Sie den korrespondierenden Operationsmodus auswählen."
"You created the order.","Sie haben die Bestellung aufgegeben."
"You have no stored aliases.","Sie haben keine gespeicherten Aliasse."
"You have to enter a bankcode.","Sie müssen einen Bankcode eingeben."
"You have to enter a card number.","Sie müssen eine Kartennummer eingeben"
"You have to enter a valid BIC.","Bitte geben Sie eine gültige BIC ein."
"You have to enter a valid IBAN","Bitte geben Sie eine gültige IBAN an."
"You have to enter a valid account number","Sie müssen eine gültige Kontonummer eingeben"
"You have to enter a valid bank code.","Sie müssen einen Bankcode eingeben."
"You have to enter an IBAN.","Sie müssen eine IBAN angeben."
"You have to enter an account number.","Sie müssen eine Kontonummer eingeben."
"You have to enter bank code of your bank.","Sie müssen den Bankcode Ihrer Bank eingeben"
"You have to enter commercial number of you company.","Sie müssen die Handelsregisternummer Ihrer Firma eingeben"
"You have to enter either the CVC code or the issue number of your card.","Bitte geben Sie entweder den CVC oder die Ausgabenummer Ihrer Karte ein."
"You have to enter sales tax number of you company.","Bitte tragen Sie hier die Steuernummer Ihrer Firma ein."
"You have to enter sales tax number of your company.","Bitte geben Sie die Umsatzsteuer-Identifikationsnummer ein."
"You have to enter the BIC of your bank.","Sie müssen die BIC eingeben."
"You have to enter the BIC.","Sie müssen die BIC eingeben."
"You have to enter the CVC code from the back of your credit card.","Sie müssen den CV2 Code von Ihrer Kreditkarte eingeben"
"You have to enter the CVC code from your card.","Sie müssen den CVC Ihrer Karte eingeben."
"You have to enter the CVC code or the issue number from your credit card.","Bitte geben Sie entweder den CVC oder die Ausgabenummer Ihrer Karte ein."
"You have to enter the IBAN.","Sie müssen die IBAN Ihres Bankkontos eingeben"
"You have to enter the a card number.","Sie müssen eine Kartennummer eingeben"
"You have to enter the a valid card number.","Sie müssen eine gültige Kartennummer eingeben."
"You have to enter the account holder name on the card.","Sie müssen den Kontoinhaber angeben."
"You have to enter the account holder name.","Bitte geben Sie den Kontoinhaber an."
"You have to enter the card expiry.","Sie müssen das Kartenablaufdatum eingeben."
"You have to enter the card holder name on the card.","Bitte geben Sie den Namen des Karteninhabers ein"
"You have to enter the location of your bank.","Bitte geben Sie den Standort Ihrer Bank ein."
"You have to enter the name of the account owner.","Bitte geben Sie den Namen des Kontoinhabers an."
"You have to enter the name of your bank.","Sie müssen den Namen Ihrer Bank eingeben."
"You have to enter your IBAN Number.","Sie müssen die IBAN Ihres Bankkontos eingeben"
"You have to enter your IBAN.","Bitte geben Sie Ihre IBAN ein."
"You have to enter your bank account number.","Bitte geben Sie die IBAN Ihres Bankkontos ein."
"You have to enter your birthplace","Bitte geben Sie Ihr Geburtsdatum ein."
"You have to enter your date of birth","Sie müssen Ihr Geburtsdatum eingeben"
"You have to enter your social security number.","Bitte geben Sie hier Ihre Sozialversicherungsnummer ein."
"You may choose one of the cards you paid before on this site.","Sie können aus einer der bereits gespeicherten Karten auswählen."
"You may choose one of your stored payment details.","Wählen Sie eine der gespeicherten Zahlungsinformationen zur Zahlung."
"You will be redirect to the order confirmation page.","Sie werden zur Bestätigungsseite weitergeleitet"
"You will be redirected in a few seconds to MasterPass.","Sie werden in wenigen Sekunden zu MasterPass weitergeleitet."
"Your browser does not allow the execution of JavaScript. Please activate JavaScript in your browser and reload this page.","Ihr Browser hat keine JavaScript Unterstützung. Bitte aktivieren Sie JavaScript oder wechseln Sie den Browser."
"Your checkout session expired.","Ihre Sitzung ist abgelaufen."
"FirstDataConnectCw Aliases","FirstDataConnectCw Alias"
"____paymentMethodName____","____paymentMethodName____"
"FirstData Connect","FirstData Connect"
"FirstData Connect API Password","FirstData Connect API Password"
"FirstData Connect API Password (Test)","FirstData Connect Passwort (Test)"
"FirstData Connect API User Id","FirstData Connect API User ID"
"FirstData Connect API User Id (Test)","FirstData Connect API User ID (Test)"
"FirstData Connect API password","FirstData Connect API Passwort"
"FirstData Connect Aliases","FirstData Connect Aliasse"
"FirstData Connect Error","FirstData Connect Fehler"
"FirstData Connect Parameters","FirstData Connect Parameter"
"FirstData Connect Refund Items","FirstData Connect Gutschriftsartikel"
"FirstData Connect Section","FirstData Connect Sektion"
"FirstData Connect Transactions","FirstData Connect Transaktion"
"FirstData Connect: Alias Management","FirstData Connect: Alias Management"
"customweb ltd","customweb GmbH"
"no","Nein"
"or","oder"
"yes","Ja"
